Ticker Symbol,Contract,Note,Type,AKA1,AKA2
TXF,TAIEX Futures,,Equity index,TX,
EXF,Electronics Sector Index Futures,,Equity index,TE,
ZEF,Mini Electronics Sector Futures,,Equity index,ZEF,
FXF,Finance Sector Index Futures,,Equity index,TF,
ZFF,Mini Finance Sector Futures,,Equity index,ZFF,
MXF,Mini-TAIEX Futures,Expires on the third Wednesday of the trading month,Equity index,MTX,
MX1,Mini-TAIEX Futures,Expires on the first Wednesday of the trading month,Equity index,,
MX2,Mini-TAIEX Futures,Expires on the second Wednesday of the trading month,Equity index,,
MX4,Mini-TAIEX Futures,Expires on the fourth Wednesday of the trading month,Equity index,,
MX5,Mini-TAIEX Futures,Expires on the fifth Wednesday of the trading month,Equity index,,
MXFFX,Mini-TAIEX Flexible Futures,,Equity index,,
TMF,Micro TAIEX Futures,,Equity index,TMF,
GTF,Taipei Exchange Stock Index Futures,,Equity index,GTF,
G2F,TPEx 200 Futures,,Equity index,G2F,
E4F,F4G TIP TW ESG Futures,,Equity index,E4F,
BTF,TIP Taiwan BIO Index,,Equity index,BTF,
SOF,Semiconductor 30 Futures,,Equity index,SOF,
SHF,Shipping and Transportation Sector Futures,,Equity index,SHF,
M1F,Taiwan Mid-Cap 100 Futures,,Equity index,M1F,
XIF,Non-Finance Non-Electronics Sub-Index Futures,,Equity index,XIF,
TJF,TOPIX Futures,,Equity index,TJF,
UDF,DJIA Futures,,Equity index,UDF,
SPF,S&P 500 Futures,,Equity index,SPF,
UNF,Nasdaq-100 Futures,,Equity index,UNF,
SXF,PHLX Semiconductor Sector Futures,,Equity index,SXF,
F1F,FTSE 100 Index Futures,,Equity index,F1F,
TXO,TAIEX Options ,Expires on the third Wednesday of the trading month,Equity index,,
TX1,TAIEX Options ,Expires on the first Wednesday of the trading month,Equity index,,
TX2,TAIEX Options ,Expires on the second Wednesday of the trading month,Equity index,,
TX4,TAIEX Options ,Expires on the fourth Wednesday of the trading month,Equity index,,
TX5,TAIEX Options ,Expires on the fifth Wednesday of the trading month,Equity index,,
TXU,TAIEX Options ,Expires on the first Friday of the trading month,Equity index,,
TXV,TAIEX Options ,Expires on the second Friday of the trading month,Equity index,,
TXX,TAIEX Options ,Expires on the third Friday of the trading month,Equity index,,
TXY,TAIEX Options ,Expires on the fourth Friday of the trading month,Equity index,,
TXZ,TAIEX Options ,Expires on the fifth Friday of the trading month,Equity index,,
TEO,Electronic Sector Index Options,,Equity index,,
TFO,Finance Sector Index Options,,Equity index,,
GDF,TAIFEX Gold Futures,,Commodity,GDF,
TGF,TAIFEX NT Dollar Gold Futures,,Commodity,TGF,
TGO,Gold Options,,Commodity,,
BRF,Brent Crude Oil Futures,,Commodity,BRF,
RTF,USD/CNT FX Futures,,FX,RTF,
RHF,USD/CNH FX Futures,,FX,RHF,
XEF,EUR/USD FX Futures,,FX,XEF,
XJF,USD/JPY FX Futures,,FX,XJF,
XBF,GBP/USD FX Futures,,FX,XBF,
XAF,AUD/USD FX Futures,,FX,XAF,
CA,Nan Ya Plastics Corp.,,Equity,CAF,
CB,China Steel Corp.,,Equity,CBF,
CC,United Microelectronics Corp.,,Equity,CCF,
CD,"Taiwan Semiconductor Manufacturing Co., Ltd.",TSMC,Equity,CDF,
CE,"Fubon Financial Holding Co., Ltd.",,Equity,CEF,
CF,Formosa Plastics Corp.,,Equity,CFF,
CG,"Compal Electronics, Inc.",,Equity,CGF,
CH,AU Optronics Corp.,,Equity,CHF,
CJ,"Hua Nan Financial Holdings Co., Ltd.",,Equity,CJF,CJ1
CK,"Cathay Financial Holding Co., Ltd.",,Equity,CKF,
CL,"Mega Financial Holding Co., Ltd.",,Equity,CLF,
CM,"TS Financial Holding Co., Ltd.",,Equity,CMF,CM1
CN,"CTBC Financial Holding Co., Ltd.",,Equity,CNF,
CQ,Uni-President Enterprises Corp.,,Equity,CQF,
CR,Far Eastern New Century Corp.,,Equity,CRF,
CS,Walsin Lihwa Corp.,,Equity,CSF,
CU,CMC Magnetics Corp.,,Equity,CUF,
CW,Qisda Corp.,,Equity,CWF,
CX,TATUNG COMPANY,,Equity,CXF,
CY,Nanya Technology Corp.,,Equity,CYF,
CZ,Evergreen Marine Corp. (Taiwan) Ltd.,,Equity,CZF,
DA,Yang Ming Marine Transport Corp.,,Equity,DAF,
DB,China Airlines Ltd.,,Equity,DBF,
DC,"Chang Hwa Commercial Bank, Ltd.",,Equity,DCF,DC1
DE,"SinoPac Financial Holdings Co., Ltd.",,Equity,DEF,DE1
DF,"Taiwan Cement Corp., Ltd.",,Equity,DFF,
DG,Formosa Chemicals & Fibre Corp.,,Equity,DGF,
DH,"Hon Hai Precision Ind. Co., Ltd.",,Equity,DHF,
DI,"Macronix International Co., Ltd.",,Equity,DIF,
DJ,Asustek Computer Inc.,,Equity,DJF,
DK,Quanta Computer Inc.,,Equity,DKF,
DL,"Chunghwa Telecom Co., Ltd.",,Equity,DLF,
DN,"E.Sun Financial Holding Co., Ltd.",,Equity,DNF,
DO,"Yuanta Financial Holding Co., Ltd.",,Equity,DOF,
DP,"First Financial Holding Co., Ltd.",,Equity,DPF,
DQ,Innolux Corp.,,Equity,DQF,
DS,Acer Inc.,,Equity,DSF,
DV,MediaTek Inc.,,Equity,DVF,
DW,Ruentex Industries Ltd.,,Equity,DWF,
DX,Wistron Corp.,,Equity,DXF,
DY,Asia Cement Corp.,,Equity,DYF,
DZ,"Great Wall Enterprise Co., Ltd.",,Equity,DZF,
EE,Grand Pacific Petrochemical Corp.,,Equity,EEF,EE1
EG,China Petrochemical Development Corp.,,Equity,EGF,
EH,"Tong Yang Industry Co., Ltd.",,Equity,EHF,
EK,"Tainan Spinning Co., Ltd.",,Equity,EKF,
EM,"Teco Electric & Machinery Co., Ltd.",,Equity,EMF,
EO,Kinik Company,,Equity,EOF,
EP,AIRTAC International Group,,Equity,EPF,
EY,China Man-Made Fiber Corp.,,Equity,EYF,
EZ,"Taiwan Fertilizer Co., Ltd.",,Equity,EZF,
FB,Tung Ho Steel Enterprise Corp.,,Equity,FBF,
FE,"Ta Chen Stainless Pipe Co., Ltd.",,Equity,FEF,
FF,Hiwin Technologies Corp.,,Equity,FFF,
FG,"King Slide Works Co., Ltd.",,Equity,FGF,
FK,"Cheng Shin Rubber Ind., Co., Ltd.",,Equity,FKF,
FN,"YULON MOTOR CO.,LTD",,Equity,FNF,
FQ,Lite-On Technology Corp.,,Equity,FQF,
FR,"Delta Electronics, Inc.",,Equity,FRF,
FS,"KINPO ELECTRONICS, INC.",,Equity,FSF,
FT,"Compeq Manufacturing Co., Ltd.",,Equity,FTF,FT1
FV,"Elitegroup Computer Systems Co., Ltd.",,Equity,FVF,
FW,D-LINK Corp.,,Equity,FWF,
FY,Taiwan-Asia Semiconductor Corp.,,Equity,FYF,
FZ,Winbond Electronics Corp.,,Equity,FZF,
GA,Synnex Technology International Corp.,,Equity,GAF,
GC,"Foxconn Technology Co., Ltd.",,Equity,GCF,
GH,"Gigabyte Technology Co., Ltd.",,Equity,GHF,
GI,"Micro-Star International Co., Ltd.",,Equity,GIF,
GJ,Realtek Semiconductor Corp.,,Equity,GJF,
GK,"CHICONY ELECTRONICS CO., LTD.",,Equity,GKF,
GL,"Cheng Uei Precision Industry Co., Ltd.",,Equity,GLF,
GM,"Everlight Electronics Co., Ltd.",,Equity,GMF,
GN,"Sunplus Technology Co., Ltd.",,Equity,GNF,
GO,"United Integrated Services Co., Ltd.",,Equity,GOF,
GR,"King Yuan Electronics Co., Ltd.",,Equity,GRF,GR1
GU,"Visual Photonics Epitaxy Co., Ltd.",,Equity,GUF,
GV,"PHIHONG TECHNOLOGY CO., LTD.",,Equity,GVF,
GW,Elan Microelectronics Corp.,,Equity,GWF,
GX,"Catcher Technology Co., Ltd.",,Equity,GXF,
GY,PANJIT INTERNATIONAL INC.,,Equity,GYF,
GZ,Zinwell Corp.,,Equity,GZF,
HA,"Amtran Technology Co., Ltd.",,Equity,HAF,
HB,Walsin Technology Corp.,,Equity,HBF,
HC,HTC Corp.,,Equity,HCF,
HH,BES Engineering Co.,,Equity,HHF,HH1
HI,Kindom Construction Corp.,,Equity,HIF,
HL,Highwealth Construction Corp.,,Equity,HLF,
HO,"Huaku Development Co., Ltd.",,Equity,HOF,HO1
HQ,Sincere Navigation Corporation,,Equity,HQF,
HS,EVA Airways Corp.,,Equity,HSF,
IA,"Taiwan Business Bank, Ltd.",,Equity,IAF,IA1
IH,Taiwan Tea Corp.,,Equity,IHF,
II,Elite Semiconductor Microelectronics Tech Inc.,,Equity,IIF,
IJ,"Largan Precision Co., Ltd.",,Equity,IJF,
IM,"Asia Optical Co., Inc.",,Equity,IMF,
IO,Novatek Microelectronics Corp.,,Equity,IOF,
IP,Faraday Technology Corp.,,Equity,IPF,
IQ,"WT Microelectronics Co., Ltd.",,Equity,IQF,
IR,Unimicron Technology Corp.,,Equity,IRF,
IT,TXC Corp.,,Equity,ITF,
IX,Kinsus Interconnect Technology Corp.,,Equity,IXF,IX1
IY,"Shin Zu Shing Co., Ltd.",,Equity,IYF,
IZ,Alpha Networks Inc.,,Equity,IZF,
JB,Global Unichip Corp.,,Equity,JBF,
JF,"Lotes Co., Ltd.",,Equity,JFF,
JM,"Jentech Precision Industrial Co., Ltd",,Equity,JMF,
JN,"TPK Holding Co., Ltd.",,Equity,JNF,
JP,WPG Holdings Ltd.,,Equity,JPF,
JS,Pegatron Corp.,,Equity,JSF,
JW,"Chong Hong Development Co., Ltd.",,Equity,JWF,JW1
JX,Capital Securities Corp.,,Equity,JXF,JX1
JZ,"Career Technology (MFG.) Co., Ltd.",,Equity,JZF,
KA,Radiant Opto-Electronics Corp.,,Equity,,
KB,ITEQ Corp.,,Equity,KBF,
KC,Powertech Technology Inc.,,Equity,KCF,
KD,"Tong Hsing Electronic Industries, Ltd.",,Equity,KDF,
KE,Taiwan Surface Mounting Technology Corp.,,Equity,KEF,
KF,AcBel Polytech Inc.,,Equity,KFF,
KG,WNC Corporation,,Equity,KGF,
KI,"Taiflex Scientific Co., Ltd.",,Equity,KIF,
KK,Darfon Electronics Corp.,,Equity,KKF,
KL,Pou Chen Corp.,,Equity,KLF,
KO,"Taiwan Hon Chuan Enterprise Co., Ltd.",,Equity,KOF,
KP,"Ruentex Development Co., Ltd.",,Equity,KPF,
KS,"Makalot Industrial Co., Ltd.",,Equity,KSF,
KU,Taiwan Glass Ind. Corp,,Equity,KUF,
KW,Pan-International Industrial Corp.,,Equity,KWF,
LB,Tripod Technology Corp.,,Equity,LBF,
LC,"Taiwan Mobile Co., Ltd.",,Equity,LCF,
LE,"Genius Electronic Optical Co., Ltd. ",,Equity,LEF,
LI,Flexium Interconnect Inc.,,Equity,LIF,
LM,"Merida Industry Co., Ltd.",,Equity,LMF,
LO,"Taiwan Cooperative Financial Holding Co., Ltd.",,Equity,LOF,LO1
LQ,Inventec Corp.,,Equity,LQF,
LR,"KGI Financial Holding Co., Ltd.",,Equity,LRF,
LT,"Far Eastone Telecommunications Co., Ltd.",,Equity,LTF,
LU,Zhen Ding Technology Holding Ltd.,,Equity,LUF,
LV,"Chailease Holding Co., Ltd.",,Equity,LVF,LV1
LW,"Eclat Textile Co., Ltd.",,Equity,LWF,
LX,Yageo Corp.,,Equity,LXF,
LY,Nan Ya Printed Circuit Board Corp.,,Equity,LYF,
MB,"Chin-Poon Industrial Co., Ltd.",,Equity,MBF,
MJ,Chroma Ate Inc.,,Equity,MJF,
MK,"Merry Electronics Co., Ltd.",,Equity,MKF,
MQ,Sigurd Microelectronics Corp.,,Equity,MQF,
MV,Taiwan Paiho Ltd.,,Equity,MVF,
MY,"St.Shine Optical Co., Ltd.",,Equity,MYF,
NA,Win Semiconductors Corp.,,Equity,NAF,
NB,Advanced Ceramic X Corp.,,Equity,NBF,NB1
NC,Dynapack International Technology Corporation,,Equity,NCF,
ND,"ADATA Technology Co., Ltd.",,Equity,NDF,
NE,Ardentec Corp.,,Equity,NEF,
NG,Gigasolar Materials Corp.,,Equity,NGF,
NI,"Center Laboratories, Inc.",,Equity,NIF,
NJ,Gloria Material Technology Corp.,,Equity,NJF,
NL,Vanguard International Semiconductor Co.,,Equity,NLF,
NM,Coretronic Corp.,,Equity,NMF,
NO,Sino-American Silicon Products Inc.,,Equity,NOF,
NQ,"Simplo Technology Co., Ltd.",,Equity,NQF,
NS,Chipbond Technology Corp.,,Equity,NSF,
NU,PChome online Inc.,,Equity,NUF,
NV,E Ink Holdings Inc.,,Equity,NVF,
NW,Phison Electronics Corp.,,Equity,NWF,
NY,Yuanta/P-shares Taiwan Top 50 ETF ,,Equity,NYF,
OA,Fubon SSE180 ETF,,Equity,OAF,
OB,Yuanta/P-shares SSE50 ETF,,Equity,OBF,
OD,Cub Elecparts Inc.,,Equity,ODF,
OE,Hannstar Display Corp.,,Equity,OEF,
OH,Hu Lane Associate Inc.,,Equity,OHF,
OJ,Cathay FTSE China A50 ETF,,Equity,OJF,
OK,Fubon SZSE 100 Index ETF,,Equity,OKF,
OL,"Largan Precision Co., Ltd.",,Equity,OLF,
OM,"St.Shine Optical Co., Ltd.",,Equity,OMF,
OO,Capital SZSE SME Price Index ETF,,Equity,OOF,
OP,Accton Technology Corp.,,Equity,OPF,
OQ,Ennoconn Corp.,,Equity,OQF,
OR,"Hota Industrial Mfg. Co., Ltd.",,Equity,ORF,
OS,"Longchen Paper & Packaging Co., Ltd.",,Equity,OSF,
OT,LandMark Optoelectronics Corp.,,Equity,OTF,OT1
OU,"Tung Thih Electronic Co., Ltd.",,Equity,OUF,
OV,Taiwan Union Technology Corp.,,Equity,OVF,
OW,"Globalwafers.Co., Ltd.",,Equity,OWF,
OX,"Chunghwa Precision Test Tech. Co., Ltd.",,Equity,OXF,
OY,"Chunghwa Precision Test Tech. Co., Ltd.",,Equity,OYF,
OZ,"ASE Technology Holding Co., Ltd.",,Equity,OZF,
PA,PixArt Imaging Inc. ,,Equity,PAF,
PB,"Globalwafers.Co., Ltd.",,Equity,PBF,
PC,"PharmaEngine, Inc.",,Equity,PCF,
PD,Taidoc Technology Corp.,,Equity,PDF,
PE,"Taiwan Semiconductor Co., Ltd. ",,Equity,PEF,
PF,Yuanta/P-shares Taiwan Dividend Plus ETF ,,Equity,PFF,
PG,Taiwan High Speed Rail Corp.,,Equity,PGF,
PH,Asmedia Technology Inc.,,Equity,PHF,
PI,eMemory Technology Inc.,,Equity,PIF,
PJ,"Elite Material Co., Ltd.",,Equity,PJF,
PK,"Prosperity Dielectrics Co., Ltd.",,Equity,PKF,
PL,Wafer Works Corp.,,Equity,PLF,
PM,"TCI Co., Ltd.",,Equity,PMF,
PN,Asmedia Technology Inc.,,Equity,PNF,
PP,Speed Tech Corp.,,Equity,PPF,
PQ,Co-Tech Development Corp.,,Equity,PQF,
PR,Advanced Wireless Semiconductor Company,,Equity,PRF,
PS,MiTAC Holdings Corporation,,Equity,PSF,
PT,"AURAS Technology Co.,Ltd.",,Equity,PTF,
PU,MediaTek Inc.,,Equity,PUF,
PV,Wiwynn Corporation,,Equity,PVF,
PW,Wiwynn Corporation,,Equity,PWF,
PX,"Interational Games System Co.,Ltd.",,Equity,PXF,
PY,"Interational Games System Co.,Ltd.",,Equity,PYF,
PZ,Aspeed Technology Inc.,,Equity,PZF,PZ1
QA,Aspeed Technology Inc.,,Equity,QAF,QA1
QB,Ennostar Inc.,,Equity,QBF,
QC,U-Ming Marine Transport Corp.,,Equity,QCF,
QD,Formosa Sumco Technology Corporation,,Equity,QDF,
QE,Yageo Corp.,,Equity,QEF,
QF,"Taiwan Semiconductor Manufacturing Co., Ltd.",,Equity,QFF,
QG,Realtek Semiconductor Corp.,,Equity,QGF,
QH,Novatek Microelectronics Corp.,,Equity,QHF,
QI,Win Semiconductors Corp.,,Equity,QIF,
QJ,"Genius Electronic Optical Co., Ltd. ",,Equity,QJF,
QK,YFY Inc.,,Equity,QKF,
QL,Xintec Inc,,Equity,QLF,
QM,Hiwin Technologies Corp.,,Equity,QMF,
QN,Phison Electronics Corp.,,Equity,QNF,
QO,"Eternal Materials Co., Ltd.",,Equity,QOF,QO1
QP,Cheng Loong Corporation,,Equity,QPF,
QQ,"Channel Well Technology Co., Ltd",,Equity,QQF,
QR,Asustek Computer Inc.,,Equity,QRF,
QS,Nan Ya Printed Circuit Board Corp.,,Equity,QSF,
QT,Greatek Electronics Inc.,,Equity,QTF,
QU,ChipMOS Technologies Inc.,,Equity,QUF,
QV,Taiwan Mask Corp.,,Equity,QVF,
QW,"Via Technologies, Inc.",,Equity,QWF,
QX,Wan Hai Lines Ltd.,,Equity,QXF,
QY,Medigen Vaccine Biologics Corporation,,Equity,QYF,
QZ,Powerchip Semiconductor Manufacturing Corp.,,Equity,QZF,
RA,"Asia Vital Components Co., Ltd.",,Equity,RAF,
RB,SERCOMM CORP.,,Equity,RBF,
RC,Aerospace Industrial Development Corporation,,Equity,RCF,
RD,"MICROBIO CO., LTD.",,Equity,RDF,
RE,Nuvoton Technology Corporation,,Equity,REF,
RF,"Lotes Co., Ltd.",,Equity,RFF,
RG,"Jentech Precision Industrial Co., Ltd",,Equity,RGF,
RI,Cathay MSCI Taiwan ESG Sustainability High Dividend Yield ETF,,Equity,RIF,
RJ,Ta Ya Electric Wire & Cable,,Equity,RJF,
RK,Gold Circuit Electronics Ltd.,,Equity,RKF,
RL,TSEC Corporation,,Equity,RLF,
RN,"Oneness Biotech Co., Ltd.",,Equity,RNF,
RO,Lanner Electronics Inc.,,Equity,ROF,
RP,"POYA International Co., Ltd.",,Equity,RPF,RP1
RR,"POYA International Co., Ltd.",,Equity,RRF,RR1
RS,eMemory Technology Inc.,,Equity,RSF,
RU,"Century Iron And Steel Industrial Co., Ltd.",,Equity,RUF,
RV,"Delta Electronics, Inc.",,Equity,RVF,
RW,Global Unichip Corp.,,Equity,RWF,
RX,Fubon Vietnam ETF,,Equity,RXF,
RY,Capital TIP Customized Taiwan ESG Low Carbon 50 ETF,,Equity,RYF,
RZ,Yuanta U.S. Treasury 20+ Year Bond ETF,,Equity,RZF,
SA,"Lotus Pharmaceutical Co., Ltd.",,Equity,SAF,
SB,CHUNG HWA PULP CORP.,,Equity,SBF,
SC,"Makalot Industrial Co., Ltd.",,Equity,SCF,
SD,CHUNG-HSIN ELECTRIC & MACHINERY MFG. CORP.,,Equity,SDF,
SE,Accton Technology Corp.,,Equity,SEF,
SF,"Elite Material Co., Ltd.",,Equity,SFF,
SG,Cathay Global Autonomous and Electric Vehicles ETF,,Equity,SGF,
SI,Yuanta U.S. Treasury 1-3 Year Bond ETF,,Equity,SIF,
SJ,Getac Holdings Corporation,,Equity,SJF,
SK,"Supreme Electronics Co., Ltd.",,Equity,SKF,SK1
SL,"Gigabyte Technology Co., Ltd.",,Equity,SLF,
SM,Capital TIP Customized Taiwan Select High Dividend ETF,,Equity,SMF,
SN,Fuh Hwa Taiwan Technology Dividend Highlight ETF,,Equity,SNF,
SQ,CTBC USD Corporate 10+ Year High Grade Capped Bond ETF,,Equity,SQF,
SR,Yuanta/P-shares Taiwan Top 50 ETF ,,Equity,SRF,
SS,Yuanta/P-shares Taiwan Dividend Plus ETF,,Equity,SSF,
SU,Yuanta Taiwan Value High Dividend ETF,,Equity,SUF,
SV,"King Slide Works Co., Ltd.",,Equity,SVF,
SW,"Century Iron And Steel Industrial Co., Ltd.",,Equity,SWF,
SY,"Gudeng Precision Industrial Co., LTD",,Equity,SYF,
SZ,"Gudeng Precision Industrial Co., LTD",,Equity,SZF,
UA,Shihlin Electric & Engineering Corp.,,Equity,UAF,
UB,"L&K Engineering Co., Ltd.",,Equity,UBF,
UC,Quanta Storage Inc.,,Equity,UCF,
UE,"The Shanghai Commercial & Savings Bank, Ltd.",,Equity,UEF,UE1
UF,Formosa Petrochemical Corp.,,Equity,UFF,
UG,Airoha Technology Corp.,,Equity,UGF,
UH,"Asia Vital Components Co., Ltd.",,Equity,UHF,
UI,Airoha Technology Corp.,,Equity,UIF,
UJ,Capital ICE ESG 20+ Year BBB US Corporate ETF,,Equity,UJF,
UK,Cathay U.S. Treasury 20+ Year ETF Fund,,Equity,UKF,
UL,"AURAS Technology Co.,Ltd.",,Equity,ULF,
UM,"Alchip Technologies, Ltd.",,Equity,UMF,
UO,"Alchip Technologies, Ltd.",,Equity,UOF,
UP,"Bora Pharmaceuticals Co., Ltd.",,Equity,UPF,
UQ,"Bora Pharmaceuticals Co., Ltd.",,Equity,UQF,
UR,UPAMC NYSE FANG+ ETF,,Equity,URF,
US,UPAMC NYSE FANG+ ETF,,Equity,USF,
UT,"I-Chiun Precision Industry Co., Ltd.",,Equity,UTF,
UU,"Tigerair Taiwan Co., Ltd.",,Equity,UUF,
UV,MPI Corporation,,Equity,UVF,
UW,MPI Corporation,,Equity,UWF,
UX,"Orient Semiconductor Electronics, Ltd.",,Equity,UXF,
UY,Longwell Company,,Equity,UYF,
UZ,"United Integrated Services Co., Ltd.",,Equity,UZF,
VA,"Hua Eng Wire & Cable Co., Ltd.",,Equity,VAF,
VB,Unitech Printed Circuit Board Corp.,,Equity,VBF,
VC,"Sunonwealth Electric Machine Industry Co., Ltd.",,Equity,VCF,
VD,Chroma Ate Inc.,,Equity,VDF,
VE,BizLink Holding Inc.,,Equity,VEF,
VF,BizLink Holding Inc.,,Equity,VFF,
VG,Gold Circuit Electronics Ltd.,,Equity,VGF,
VH,Fubon Taiwan Technology Tracker Fund,,Equity,VHF,
VI,"Advantech Co., Ltd.",,Equity,VIF,
VJ,Dynapack International Technology Corporation,,Equity,VJF,
VK,"L&K Engineering Co., Ltd.",,Equity,VKF,
VL,"Wiselink Co., Ltd.",,Equity,VLF,
VM,"Fortune Electric Co., Ltd.",,Equity,VMF,
VN,"Fortune Electric Co., Ltd.",,Equity,VNF,VN1
VO,"King Yuan Electronics Co., Ltd. ",,Equity,VOF,
VP,"ASE Technology Holding Co., Ltd.",,Equity,VPF,
